SP,panel,specimen,species,elev,lat,long,LAMLEN,LAMWID,NFLOWERS
1,CC,EW548,pulverulenta,800,-35.2333333333333,-71.0666666666667,45,23.1,180
1,CC,FB3541,pulverulenta,550,-37.8105555555556,-72.8611111111111,46.17,20.8,180
1,CC,FZ118,pulverulenta,30,-36.8266666666667,-73.0416666666667,63.17,30.57,
1,CC,FZ122,pulverulenta,954,-33.7291666666667,-70.4705555555556,56.93,25.33,
1,CC,FZ361,pulverulenta,354,-37.6877777777778,-72.7272222222222,57.33,23.67,200
1,CC,FZ95,pulverulenta,400,-32.1416666666667,-71.4827777777778,45.67,27,
1,CC,FZ96,pulverulenta,671,-32.1625,-71.4275,48.33,30.33,
1,CC,JS148,pulverulenta,1200,-33.04,-71.0161111111111,72.9,37,200
1,CC,JS4959,pulverulenta,1100,-33.035,-70.6333333333333,49.67,28.33,150
1,CC,LL3831,pulverulenta,100,-33.45,-71.5666666666667,45.59,22.57,180
1,CC,LL5844,pulverulenta,1200,-35.7711111111111,-70.9338888888889,63.67,29.23,150
1,CC,OZ10597,pulverulenta,400,-33.0883333333333,-71.2916666666667,63.57,31.5,200
1,CC,OZ16156,pulverulenta,800,-35.8616666666667,-71.575,46,19.33,150
1,CC,OZ18152,pulverulenta,370,-33.2988888888889,-71.3755555555556,51.55,23.15,180
1,CC,PNEsc1,pulverulenta,0,-32.5594722222222,-71.4433333333333,70.67,35,
1,CC,OZ14647,pulverulenta,1000,-33.8113888888889,-71.0116666666667,60.33,34.67,180
1,CC,PA33377,pulverulenta,1100,-35.0111111111111,-70.7963888888889,60.83,33.43,150
1,CC,AC570,pulverulenta,50,-32.2166666666667,-71.5,44.89,26.98,200
1,CC,FM9730,pulverulenta,300,-36.7244444444444,-72.9086111111111,41.93,17.33,140
1,CC,GK408,pulverulenta,200,-37.8238888888889,-72.495,59.33,25.67,140
1,CC,J1973,pulverulenta,100,-38.8730555555556,-73.1666666666667,56,19.33,150
1,CC,JM16716,pulverulenta,290,-33.0705555555556,-71.6336111111111,44.64,20.69,180
1,CC,JW4987,pulverulenta,130,-36.7836111111111,-73.0025,48.99,21.87,160
1,CC,MD4951,pulverulenta,50,-32.25,-71.5333333333333,53.36,23.89,180
1,CC,MR2,pulverulenta,500,-33.6080555555556,-71.3344444444444,68,33,180
2,T,AJ1598,millegrana,1385,-18.3333333333333,-64.4833333333333,116,28.67,900
2,T,AS148,millegrana,1850,-22.2980555555556,-64.6802777777778,121.33,36,950
2,T,AS34715,millegrana,2200,-23.0833333333333,-64.8666666666667,96.67,46,950
2,T,FZ10398A,millegrana,2360,-21.4413888888889,-64.3841666666667,122.67,37.33,700
2,T,FZ289,millegrana,2756,-17.8431666666667,-65.4608611111111,125.5,29,900
2,T,FZ290,millegrana,2756,-17.8436111111111,-65.4611111111111,106,24.67,700
2,T,FZ291,millegrana,2752,-17.8464166666667,-65.45675,146.33,36.17,700
2,T,FZ311,millegrana,2663,-17.7454166666667,-64.9331111111111,99.67,23,800
2,T,IV108,millegrana,1900,-18.4166666666667,-64.1166666666667,98,36,850
2,T,IV940,millegrana,2050,-18.5180555555556,-64.0855555555555,129.83,38.33,850
2,T,JG492,millegrana,1850,-20.7333333333333,-64.5,106,28.67,850
2,T,JS10229,millegrana,2000,-21.9,-64.6833333333333,129.5,46,800
2,T,JS10315,millegrana,2050,-21.4833333333333,-64.3333333333333,76.37,29.74,950
2,T,JS17904,millegrana,2950,-17.7,-64.8666666666667,86.33,31.67,900
2,T,JW11737,millegrana,2000,-18.2033333333333,-64.9777777777778,73.33,22.67,700
2,T,JW8314,millegrana,2100,-21.8844444444444,-64.9027777777778,98.67,34.83,700
2,T,JW8984,millegrana,2500,-18.8472222222222,-65.2211111111111,74.83,22.5,900
2,T,MS7323,millegrana,1696,-21.7583333333333,-64.3058333333333,119.33,39.67,850
2,T,RK3415,millegrana,1350,-24.1666666666667,-65.2333333333333,114.5,42.67,800
2,T,RR71,millegrana,1228,-18.55,-64.6333333333333,78.33,25.33,900
2,T,WE25045,millegrana,2700,-17.9833333333333,-65.6,81.33,24,900
3,S,AG22671,micrantha,2000,-5.81666666666667,-79.5166666666667,142.33,25.67,950
3,S,AS15247,micrantha,2100,-7.46833333333333,-78.7783333333333,133.91,43.31,800
3,S,AS8791,micrantha,1850,-7.08444444444444,-79.0452777777778,124.67,36,800
3,S,AS9297,micrantha,2500,-7.38083333333333,-78.8955555555556,110.67,27.67,950
3,S,BK493,micrantha,1900,-4.68333333333333,-79.7166666666667,105,35.33,850
3,S,FZ241,micrantha,2124,-7.07458333333333,-79.0510555555555,111.33,34,800
3,S,FZ242,micrantha,2124,-7.07461111111111,-79.0510833333333,134.33,31,900
3,S,FZ243,micrantha,2118,-7.07211111111111,-79.0483055555556,127.67,37.33,950
3,S,FZ245A,micrantha,2118,-7.07222222222222,-79.0483333333333,112,32,900
3,S,MD6482,micrantha,1900,-7.41666666666667,-78.7166666666667,88.33,23,950
3,S,PJ98,micrantha,2400,-4.09166666666667,-79.9333333333333,116.52,31.14,850
4,JJ,EN7235,serrata,60,-54.7833333333333,-64.0833333333333,16.59,8.48,1
4,JJ,EP3057,serrata,150,-53.1833333333333,-72.1,14.33,5.87,1
4,JJ,EP5372,serrata,10,-55.5383333333333,-67.6141666666667,21.18,9.55,1
4,JJ,FB487,serrata,20,-54.7666666666667,-64.3666666666667,12.9,7.39,1
4,JJ,FR5437,serrata,170,-52.375,-71.2969444444444,10.28,5.41,1
4,JJ,GP28629,serrata,30,-55.9666666666667,-67.2166666666667,18.7,6.3,1
4,JJ,GP28668,serrata,50,-54.6166666666667,-71.7333333333333,9.44,5.5,1
4,JJ,JBs.n.,serrata,,,,18.54,7.07,1
4,JJ,KC1662A,serrata,130,-54.9372222222222,-66.9283333333333,12.09,5.91,1
4,JJ,KC1662C,serrata,130,-54.9372222222222,-66.9283333333333,10.42,6.17,1
4,JJ,KF165,serrata,5,-54.2333333333333,-71.025,12.59,5.18,1
4,JJ,LLs.n.,serrata,100,-53.3361111111111,-73.85,13.84,5.93,1
4,JJ,MG81,serrata,5,-54.8613888888889,-67.87,8.22,4.32,1
4,JJ,NG1065,serrata,5,-54.8333333333333,-67.3333333333333,14.9,7.24,1
4,JJ,PD712,serrata,100,-53.25,-73.8333333333333,13.13,4.99,1
4,JJ,RC1866,serrata,40,-53.3166666666667,-73,17.67,7.34,1
4,JJ,RL1738,serrata,400,-54.8466666666667,-67.8625,11.74,5.89,1
4,JJ,TB2876,serrata,50,-51.85,-73.0333333333333,17.51,7.91,1
4,JJ,TD1622,serrata,45,-54.7333333333333,-64.4166666666667,20.91,8.4,1
4,JJ,WB1493,serrata,50,-51.5,-75.3333333333333,14.09,6.48,1
5,BB,DS4998,polifolia,3000,-6.75,-77.8,13.8,2.51,1
5,BB,FZ223,polifolia,3170,-6.71277777777778,-77.8536111111111,16.77,3.84,1
5,BB,FZ224,polifolia,3170,-6.71305555555556,-77.8527777777778,17.62,3.18,1
5,BB,FZ225,polifolia,3170,-6.71333333333333,-77.8536111111111,17.98,2.38,1
5,BB,FZ226,polifolia,3170,-6.71305555555556,-77.8533333333333,16.03,2.9,1
5,BB,JB1810,polifolia,3500,-6.74166666666667,-77.8733333333333,18.75,2.27,1
5,BB,JL11384,polifolia,3000,-6.75,-77.8,19.5,2.45,1
5,BB,JL5574,polifolia,2900,-6.74972222222222,-77.7719444444444,19.08,3.19,1
5,BB,PH5511,polifolia,3100,-6.71194444444444,-77.7566666666667,19.06,2.65,1
6,U,AM8010,myrtilloides,3250,-10.2,-75.3833333333333,14,6.5,1
6,U,BO8614,myrtilloides,3700,0.333333333333333,-78,7.67,5.83,1
6,U,CU1445,myrtilloides,3319,-3.105,-79.2172222222222,8,4.83,1
6,U,CU1449,myrtilloides,2926,-2.93722222222222,-78.7116666666667,18.33,11,1
6,U,FG3239,myrtilloides,3000,5.65,-73.3166666666667,10.83,4.67,1
6,U,FZ177,myrtilloides,3727,-13.1575,-72.2777777777778,15,6.67,1
6,U,FZ193,myrtilloides,3445,-13.2011111111111,-71.6408333333333,19.67,10.33,1
6,U,FZ197,myrtilloides,3490,-13.1994444444444,-71.6247222222222,10.33,5.67,1
6,U,FZ213,myrtilloides,3398,-6.75944444444444,-77.8897222222222,16.67,8.83,1
6,U,FZ219,myrtilloides,3600,-6.74444444444444,-77.8805555555555,8.67,5.33,1
6,U,FZ252,myrtilloides,2351,-5.38,-79.5572222222222,25.33,11.67,1
6,U,FZ275,myrtilloides,3676,-17.7375,-65.5147222222222,9,4.83,1
6,U,FZ318,myrtilloides,3830,-16.1980555555556,-68.1222222222222,8.67,4.17,1
6,U,FZ328,myrtilloides,3827,-16.3894444444444,-71.4441666666667,14.67,5.83,1
6,U,FZ86,myrtilloides,3197,5.00111111111111,-74.1830555555556,14,6.87,
6,U,GD10288,myrtilloides,3100,8.80666666666667,-82.5361111111111,17.33,7.33,1
6,U,GL3349,myrtilloides,3000,-4.11111111111111,-79.1763888888889,23.67,10,1
6,U,HS3834,myrtilloides,3550,-22.2833333333333,-64.8666666666667,8.33,5,1
6,U,IH8484,myrtilloides,3800,-14.6927777777778,-71.2825,10,4.5,1
6,U,IS4874,myrtilloides,2500,-6.26027777777778,-78.6980555555556,19.67,10,1
6,U,JB42556,myrtilloides,3250,0.233333333333333,-78.1666666666667,17,7.67,1
6,U,JB42865,myrtilloides,3590,-1.11666666666667,-78.9166666666667,10.33,6.83,1
6,U,JC23138,myrtilloides,3800,4.79861111111111,-75.4175,9.67,5.17,1
6,U,JC27370,myrtilloides,3800,2.83333333333333,-76.2025,8.33,5,1
6,U,JL12782,myrtilloides,3750,1.11666666666667,-77.6666666666667,15.67,7.17,1
6,U,JL13004,myrtilloides,3700,4.7,-75.3333333333333,9,4.17,1
6,U,JW7766,myrtilloides,3400,-18.9666666666667,-65.4,10.33,5.83,1
6,U,LV5937,myrtilloides,3000,-12.55,-72,30.33,18,1
6,U,LV854,myrtilloides,3400,-12.9444444444444,-72.8388888888889,8.67,5.33,1
6,U,MD2942,myrtilloides,3550,-7.19527777777778,-78.57,6.83,3.83,1
6,U,NL221,myrtilloides,2900,-17.7891666666667,-64.7194444444444,18.67,10.67,1
6,U,NR2822,myrtilloides,3650,-17.2691666666667,-66.3277777777778,10.67,4.8,1
6,U,PH7207,myrtilloides,3370,-17.6666666666667,-70,10.67,4.33,1
6,U,PJ92172,myrtilloides,3450,-4.73333333333333,-79.4166666666667,8.83,4.5,1
6,U,TN78,myrtilloides,3750,-0.0333333333333333,-78.25,11.67,7.5,1
6,U,WD1937,myrtilloides,3300,3.8,-75.9333333333333,18.28,10.36,1
6,U,WF547,myrtilloides,3650,-13.255,-71.6055555555556,18.85,11.17,1
6,U,AB3728,myrtilloides,3100,7.26666666666667,-72.9166666666667,14.33,7.33,1
6,U,AC3134,myrtilloides,3500,4.56666666666667,-74.0333333333333,14.67,5,1
6,U,DS10115,myrtilloides,4100,-9.7,-77.3166666666667,6.68,3.93,1
6,U,FL4756,myrtilloides,3450,2.525,-76.1866666666667,8.67,4.83,1
6,U,GL3124,myrtilloides,3550,-3.72388888888889,-79.3363888888889,10.67,6.33,1
6,U,JC24502,myrtilloides,3260,10.7822222222222,-73.5,17,7.33,1
6,U,JC25054,myrtilloides,3100,10.3628888888889,-72.9491388888889,13.83,7.17,1
6,U,JS17503,myrtilloides,3700,-16.5833333333333,-67.7166666666667,8.89,4.82,1
6,U,PG560,myrtilloides,2900,6.41666666666667,-72.3,10.67,5.5,1
6,U,AF8711,myrtilloides,3300,-14.655,-68.9630555555556,19,7.33,1
6,U,AL7565,myrtilloides,3800,-9.3725,-77.2416666666667,19,8,1
6,U,FL7708,myrtilloides,3500,2.52472222222222,-76.1863888888889,19.33,8.17,1
6,U,JS52404,myrtilloides,3400,-0.206666666666667,-78.5541666666667,27,12.17,1
6,U,LA2584,myrtilloides,3200,8.58638888888889,-71.005,14.33,8.17,1
6,U,ML38831,myrtilloides,3300,-16.8,-67.2833333333333,17,7.67,1
6,U,RD2188,myrtilloides,3400,8.59,-71.0152777777778,11.33,5.83,1
6,U,RG102,myrtilloides,2520,9.87972222222222,-83.9083333333333,23.67,8.5,1
6,U,RO334,myrtilloides,2900,10.1222222222222,-84.1013888888889,23.33,9.83,1
6,U,RW10639,myrtilloides,2700,10.1897222222222,-84.2297222222222,21.33,8,1
7,GG,AS3469,rosea,550,-42.7472222222222,-72.0022222222222,21.33,7.17,12
7,GG,CHsn,rosea,450,-46.7972222222222,-74.0677777777778,25.33,8,9
7,GG,CT10396,rosea,300,-37.6666666666667,-73,28.67,9,5
7,GG,FZ114,rosea,721,-40.77,-72.2711111111111,37.33,11,
7,GG,FZ366,rosea,774,-37.6016666666667,-72.8008333333333,31,11.67,55
7,GG,FZ379,rosea,984,-37.81,-73.0566666666667,25,10.33,9
7,GG,FZ427,rosea,798,-38.5394444444444,-71.6758333333333,36.33,11.33,9
7,GG,FZ457,rosea,1068,-38.2533333333333,-71.7486111111111,28.33,10.67,19
7,GG,FZ510,rosea,725,-40.7702777777778,-72.2711111111111,29.67,6.67,22
7,GG,FZ512,rosea,720,-40.7702777777778,-72.2713888888889,32.33,10.5,20
7,GG,FZ527,rosea,592,-40.2077777777778,-73.4,28.67,12.67,40
7,GG,FZ531,rosea,899,-40.1772222222222,-73.4408333333333,25,6.67,14
7,GG,FZ532,rosea,900,-40.1772222222222,-73.4405555555556,20.67,5.33,13
7,GG,GS49,rosea,500,-44.3333333333333,-72.5263888888889,23.33,8,26
7,GG,MC12841,rosea,840,-40.1166666666667,-73.5666666666667,22.33,7.67,8
7,GG,MG3452,rosea,200,-41.1666666666667,-72.5,23.33,6.33,15
7,GG,OZ8661,rosea,185,-50.3319444444444,-72.5030555555556,15,5,11
7,GG,FZ392,rosea,1472,-36.9180555555556,-71.4280555555556,49.33,17.83,16
7,GG,FZ394,rosea,1662,-36.9075,-71.4113888888889,32.33,10.67,26
7,GG,FZ395,rosea,1662,-36.9075,-71.4113888888889,41.33,14.5,24
7,GG,FZ464,rosea,1328,-35.4661111111111,-70.9772222222222,50.67,22.67,10
7,GG,FZ466,rosea,1328,-35.4661111111111,-70.97725,46,21.83,17
7,GG,FZ470,rosea,1312,-35.4691666666667,-70.9722222222222,37.67,17.67,10
7,GG,FZ477,rosea,1661,-35.5966666666667,-71.0175,47.67,22.33,14
7,GG,MG291,rosea,1374,-35.8561944444444,-71.0955555555555,36.33,16,16
7,GG,MG296,rosea,1374,-35.8562222222222,-71.0955277777778,34.67,18.33,14
7,GG,MG4409,rosea,1500,-35.5,-71.1666666666667,35,12.5,16
7,GG,MG85,rosea,1341,-35.4658055555556,-70.9764166666667,45,21,11
7,GG,MG86,rosea,1341,-35.4658333333333,-70.9763888888889,51,24.33,10
7,GG,TP14215,rosea,500,-38.3263888888889,-72.0613888888889,45,17,13
8,A,CE10571,alpina,1050,-40.75,-72.15,14,7,8
8,A,CE10626,alpina,600,-43.4166666666667,-73.3594444444444,14.33,6.67,10
8,A,F15998,alpina,1200,-39.3833333333333,-71.9833333333333,14.67,7.83,12
8,A,FZ331,alpina,2033,-33.3005555555556,-70.3180555555555,22,7.67,11
8,A,FZ338,alpina,1980,-33.2963888888889,-70.3144444444444,12,4.5,9
8,A,FZ400,alpina,1912,-36.9052777777778,-71.4033333333333,16,6.4,3
8,A,FZ401,alpina,1914,-36.9052777777778,-71.4036111111111,13.67,5.5,2
8,A,FZ416,alpina,1256,-37.3780555555556,-71.3622222222222,14,5.67,7
8,A,FZ422,alpina,1259,-37.3780555555556,-71.3622222222222,15.67,7.17,3
8,A,FZ424,alpina,1255,-37.3780555555556,-71.3622222222222,17.67,7.83,7
8,A,FZ479,alpina,1913,-35.5997222222222,-71.0116666666667,25.33,8.17,14
8,A,FZ489,alpina,1921,-35.5994444444444,-71.01,22,6.67,12
8,A,FZ518,alpina,1130,-40.7744444444444,-72.2002777777778,20.33,8.83,7
8,A,GIII52,alpina,2300,-33.3333333333333,-70.25,10,4.99,9
8,A,GS2237,alpina,1900,-38.8666666666667,-70.4833333333333,21,5.1,13
8,A,GS2641,alpina,600,-50.8677777777778,-72.7952777777778,16,7.57,6
8,A,JK20,alpina,700,-45.8666666666667,-71.25,11.5,6.5,5
8,A,JS4381,alpina,1200,-36.8333333333333,-71.4166666666667,18,7,1
8,A,KR4614,alpina,1650,-41.1,-71.5833333333333,20.67,9.83,9
8,A,MF6193,alpina,50,-51.1272222222222,-73.1302777777778,18.33,8.23,8
8,A,MG6031,alpina,500,-50.9833333333333,-72.85,13.67,6.33,9
8,A,MG6904,alpina,1357,-39.01875,-71.6855833333333,18,7.33,9
8,A,OZ8086,alpina,1000,-40.75,-72.15,15,7,6
8,A,PB84,alpina,1750,-35.9452777777778,-70.5080555555556,17.33,5.67,9
8,A,PB972,alpina,1663,-38.6197222222222,-71.5991666666667,15,6.5,6
8,A,PH335,alpina,140,-51.5679444444444,-72.6178611111111,16.33,7.83,11
8,A,PM69850,alpina,800,-50.4744444444444,-72.4805555555556,16,9,13
8,A,RF4349,alpina,1940,-37.8344444444444,-71.0908333333333,15.67,7.33,9
8,A,RWs.n.,alpina,1850,-41.2166666666667,-71.5,12.5,6.5,9
8,A,ST2285,alpina,2300,-33.8166666666667,-70.0836111111111,13,5.5,7
8,A,TP14391,alpina,1000,-45.8861111111111,-72.1258333333333,17,8.3,8
8,A,TP14473,alpina,20,-51.5825,-72.7594444444444,26.48,9.2,8
8,A,TP14476,alpina,20,-51.5825,-72.7588888888889,15,6,
8,A,EW1264,alpina,1300,-38.7,-71.7166666666667,15.55,7.3,8
8,A,EW1305,alpina,2100,-36.9,-71.5666666666667,16.5,6.6,4
8,A,EW667,alpina,1200,-41.7547222222222,-72.4011111111111,20,8.5,9
8,A,M2048,alpina,1200,-38.5780555555556,-71.6166666666667,18,8.67,6
8,A,WE24190,alpina,50,-51.7333333333333,-72.5166666666667,19.33,8.1,8
8,A,JW5159,alpina,2100,-33.0833333333333,-70.7666666666667,9.2,4,10
8,A,ZR138,alpina,1776,-38.1,-70.9166666666667,15.67,7.33,10
9,LL,CE10632,virgata,330,-43.4166666666667,-73.3583333333333,10.33,4.33,25
9,LL,EW1253,virgata,1000,-38.6841666666667,-71.8472222222222,13.17,4.67,17
9,LL,FZ111,virgata,715,-40.7669444444444,-72.2922222222222,9.5,3.5,
9,LL,FZ370,virgata,1206,-37.8088888888889,-73.0166666666667,9.5,4.17,6
9,LL,FZ460,virgata,940,-38.2186111111111,-71.7941666666667,11,4.33,14
9,LL,FZ485,virgata,1930,-35.5994444444444,-71.0102777777778,13.33,4.93,12
9,LL,FZ508,virgata,715,-40.7675,-72.2927777777778,10,4,9
9,LL,GB1213,virgata,910,-39.9047222222222,-71.3355555555555,14,4.33,10
9,LL,GS2207,virgata,1200,-38.9055555555556,-71.3,12.33,5.67,15
9,LL,MB397,virgata,800,-42.3936388888889,-71.1650833333333,10,4.33,10
9,LL,MG4196,virgata,100,-39.85,-72.5,12.33,5.33,28
9,LL,MG4697,virgata,1150,-38.7333333333333,-71.05,12.5,4,13
9,LL,OZ11557,virgata,1582,-38.5333333333333,-71.4666666666667,14.09,4.86,9
9,LL,OZ2304,virgata,2000,-37.3052777777778,-71.3397222222222,13.33,4.87,17
9,LL,PB1101,virgata,1001,-36.8632222222222,-71.5933055555555,10,4.17,10
9,LL,PB763,virgata,1252,-37.909,-71.3401111111111,13.33,4.33,14
9,LL,PH319,virgata,900,-40.6833333333333,-71.7,11.33,4.5,8
9,LL,PH338,virgata,61,-51.5878055555556,-72.6022777777778,10.33,4.33,15
9,LL,RF4946,virgata,500,-49.1,-72.9,10,4.03,8
9,LL,YM7893,virgata,3000,-35.2,-70.5833333333333,14.67,4.5,9
10,I,EPIII64,florida,1200,-37.3,-71.95,19.5,3,36
10,I,FZ431,florida,1055,-38.5769444444445,-71.6288888888889,18,3,10
10,I,FZ438,florida,1164,-38.5777777777778,-71.6227777777778,23,6,30
10,I,GM2701,florida,1150,-38.5472222222222,-71.6772222222222,17.67,3.33,15
10,I,MG4975,florida,800,-37.7833333333333,-72.8166666666667,16,3.33,20
10,I,MG5549,florida,1040,-37.7166666666667,-71.2166666666667,19.33,3,40
10,I,OZ2302,florida,2000,-37.2830555555556,-71.7166666666667,21.33,3.67,61
10,I,PB479,florida,1150,-37.3975,-71.4941666666667,19.33,3.33,24
10,I,PB835,florida,624,-37.6095,-72.7745,16.67,4.17,35
10,I,PB838,florida,624,-37.6094444444444,-72.7744444444444,17,4.67,42
11,FF,Bs.n.,revoluta,140,-32.5333333333333,-71.45,45.67,25.67,80
11,FF,CJ1847,revoluta,100,-38.8666666666667,-73.2997222222222,42.67,14,75
11,FF,CT11000,revoluta,900,-35.8477777777778,-71.25,42.33,20.67,75
11,FF,EK5372,revoluta,20,-31.8758333333333,-71.4833333333333,44,16.67,180
11,FF,EW361,revoluta,190,-39.6833333333333,-72.35,32.81,12.8,50
11,FF,FZ125,revoluta,1642,-32.9958333333333,-71.0294444444444,38.67,20.67,
11,FF,FZ359,revoluta,399,-37.6366666666667,-72.7855555555555,46.33,20.5,95
11,FF,FZ491,revoluta,438,-35.6519444444444,-71.2513888888889,33,18.33,60
11,FF,LL4440,revoluta,200,-36.9166666666667,-72.6666666666667,36,17.33,55
11,FF,MG300,revoluta,758,-35.8651666666667,-71.1201388888889,49.33,19.33,75
11,FF,MG4676,revoluta,250,-36.8333333333333,-72.6833333333333,38,18.67,100
11,FF,MG5084,revoluta,116,-32.5666666666667,-71.45,45,21.33,27
11,FF,MG5444,revoluta,800,-33.0666666666667,-70.95,41.33,21.33,40
11,FF,MG5475,revoluta,750,-34.9833333333333,-70.7666666666667,34.67,18.33,35
11,FF,MG6977,revoluta,1,-39.8770277777778,-73.1611666666667,33.67,14,100
11,FF,OZ8726,revoluta,880,-31.9777777777778,-71.45,33.67,18.67,70
11,FF,PB1175,revoluta,424,-35.6663611111111,-71.2513333333333,39.67,19.33,85
11,FF,PB455,revoluta,1000,-37.3941666666667,-71.4430555555556,38.33,18.67,95
11,FF,PB487,revoluta,670,-37.8108333333333,-72.8969444444445,31.67,20,80
11,FF,QH526,revoluta,500,-38.6666666666667,-72,36.67,19.33,80
11,FF,YM7858,revoluta,1240,-35.0488888888889,-70.5691666666667,38.51,16.49,50
12,V,FZ126,myrtoidea,1650,-32.9930555555556,-71.0294444444444,34.67,21.33,
12,V,FZ497,myrtoidea,342,-35.9205555555556,-71.3677777777778,40.67,18.67,35
12,V,FZ542,myrtoidea,920,-33.7297222222222,-70.4708333333333,37.33,15.33,60
12,V,MG381,myrtoidea,811,-36.5786944444444,-71.4550833333333,56.33,23,60
12,V,MG384,myrtoidea,811,-36.5786666666667,-71.4550833333333,72,26,55
12,V,MG5137,myrtoidea,1270,-33.3333333333333,-70.3666666666667,45.67,25.67,85
12,V,MG532,myrtoidea,811,-36.5786944444444,-71.4550555555556,48.67,23.33,115
12,V,MG5492,myrtoidea,750,-34.9836111111111,-70.7666666666667,51.67,23.67,85
12,V,MG568,myrtoidea,485,-37.6792777777778,-73.2272777777778,50.67,20.67,90
12,V,OB6473,myrtoidea,1200,-33.0022222222222,-71.0061111111111,44,20,50
12,V,OZ5577,myrtoidea,1000,-29.9666666666667,-70.9333333333333,31.67,18.67,110
12,V,OZ9278,myrtoidea,2000,-34.95,-70.4333333333333,37,18.67,75
12,V,PB500,myrtoidea,120,-37.6808333333333,-73.295,58,22,
12,V,PB644,myrtoidea,1700,-33.3233333333333,-70.3175,34.33,16,60
12,V,PB71,myrtoidea,1470,-35.9125,-70.6427777777778,32,20.33,80
13,HH,BH5892,rubra,300,-41.1333333333333,-72.5166666666667,30,14,12
13,HH,CC2,rubra,10,-41.3952777777778,-73.8333333333333,39.33,28,9
13,HH,EWs.n.,rubra,60,-41.2,-72.55,34.33,15.33,13
13,HH,FZ106,rubra,62,-41.2263888888889,-72.6383333333333,37.33,15.33,7
13,HH,FZ119,rubra,954,-33.7291666666667,-70.4705555555556,30.67,11.67,11
13,HH,FZ406,rubra,803,-37.3933333333333,-71.4627777777778,33.67,14,45
13,HH,FZ425,rubra,798,-38.5394722222222,-71.6758888888889,29,13.67,8
13,HH,FZ440,rubra,1166,-38.5777777777778,-71.6230555555556,27,11,12
13,HH,FZ444,rubra,1130,-38.5780555555556,-71.6222222222222,24.33,11.33,10
13,HH,FZ475,rubra,1605,-35.6044444444444,-71.0388888888889,47,19.5,18
13,HH,FZ500,rubra,528,-36.6002777777778,-71.4691666666667,26.33,9,14
13,HH,FZ533,rubra,35,-39.6755555555556,-73.3513888888889,49.67,32,23
13,HH,FZ97,rubra,27,-39.9647222222222,-73.5691666666667,32.5,17,24
13,HH,HGs.n.,rubra,100,-39.8666666666667,-73.4333333333333,40.33,19,15
13,HH,JB32862,rubra,50,-51.6666666666667,-72.5333333333333,27.33,10.33,5
13,HH,JV3203,rubra,1000,-39.4236111111111,-71.4216666666667,53.67,26,7
13,HH,LL5968,rubra,100,-33.3333333333333,-71.6680555555556,32.22,14.8,14
13,HH,MB369,rubra,1000,-40.3360833333333,-71.4116111111111,24.33,10.33,6
13,HH,MG4006,rubra,1100,-40.7666666666667,-72.2,35.67,17.67,12
13,HH,MG5482,rubra,750,-34.9833333333333,-70.7666666666667,36,16,10
13,HH,MW6806,rubra,830,-40.7341666666667,-71.4141666666667,46.33,23,30
13,HH,OB6523,rubra,170,-33.2852777777778,-71.6436111111111,23,10,20
13,HH,OZ17557,rubra,500,-33.0166666666667,-71.2666666666667,34,15.67,9
13,HH,OZ8860,rubra,45,-40.5897222222222,-73.7375,51.33,29.5,16
13,HH,OZ9429,rubra,100,-33.2666666666667,-71.65,25,11,16
13,HH,PB260,rubra,8,-42.82,-72.7275,51.33,22.67,20
13,HH,PB368,rubra,150,-41.2152777777778,-72.6825,50,23,15
13,HH,PH317,rubra,700,-40.6836111111111,-71.7,42.67,20.5,12
13,HH,PH318,rubra,700,-40.6833333333333,-71.7,39,14.33,13
13,HH,PH75,rubra,400,-40.3425,-72.2475,37.67,11.83,13
13,HH,RF5795,rubra,600,-42.1666666666667,-71.3666666666667,38.67,19.33,6
13,HH,OZ5556,rubra,1200,-37.4088888888889,-71.6061111111111,21.67,6.33,16
13,HH,EK1038,rubra,51,-39.3958333333333,-73.2211111111111,54.33,23.17,14
13,HH,HBsn,rubra,500,-46.2727777777778,-71.9183333333333,29,14.17,17
13,HH,HM81,rubra,50,-41.885,-73.8847222222222,47.67,29.33,17
13,HH,JW4704,rubra,100,-41.2,-72.55,44.33,18.33,16
13,HH,PH850,rubra,54,-38.8105555555556,-73.3922222222222,58.33,25,20
13,HH,AS2882,rubra,800,-42.8605555555556,-71.5813888888889,41,19.83,6
13,HH,EW336,rubra,150,-39.6833333333333,-72.35,38.67,16.33,25
13,HH,HC80,rubra,0,-33.05,-71.6011111111111,30.67,10,26
13,HH,JM17536,rubra,50,-41.3333333333333,-72.9833333333333,46.33,17,21
13,HH,JW3985,rubra,200,-33.1,-71.6833333333333,36,15.33,10
13,HH,OB6527,rubra,0,-32.4666666666667,-71.45,22.57,8.57,21
13,HH,PA33372,rubra,1000,-35.0166666666667,-70.8,28,13,22
13,HH,WE24417,rubra,416,-49.0930555555556,-72.5463888888889,28,16.33,15
13,HH,LL4342,rubra,80,-33.3333333333333,-71.6666666666667,26.67,10.33,21
14,B,EW183,angustifolia,1600,-29.8452777777778,-70.3855555555556,39.48,10,60
14,B,FZ322,angustifolia,2594,-16.5563333333333,-71.4455277777778,65.67,9.17,100
14,B,FZ323,angustifolia,2579,-16.5599444444444,-71.4485277777778,60.33,11,84
14,B,FZ324,angustifolia,2585,-16.5599444444444,-71.4485277777778,56.67,10.17,75
14,B,FZ325,angustifolia,2582,-16.5615,-71.4461944444444,57,9,58
14,B,FZ326,angustifolia,2590,-16.5615,-71.4461944444444,74,9.33,53
14,B,IJ5864,angustifolia,2050,-28.9,-70.0666666666667,47.33,15.67,80
14,B,MG6297,angustifolia,3280,-18.6611111111111,-69.5794444444444,65,10.5,155
14,B,MG6302,angustifolia,1800,-18.8330555555556,-69.7452777777778,62.33,10.33,55
14,B,MG6562,angustifolia,1988,-20.0826388888889,-69.35975,44,5,16
14,B,OZ3990,angustifolia,1800,-29.9333333333333,-70.3,42,12.33,40
14,B,RK7653,angustifolia,2100,-31.0833333333333,-69.5833333333333,42.33,13,58
14,B,RW18130,angustifolia,2400,-29.95,-70.55,54.33,17,80
15,Q,APs.n.,leucantha,50,-41.6333333333333,-73.55,22,8,60
15,Q,Bs.n.,leucantha,50,-40.2597222222222,-73.0833333333333,25.11,10.64,60
15,Q,CJ1848,leucantha,100,-38.8666666666667,-73.2997222222222,22.67,7,40
15,Q,CJ5993,leucantha,300,-37.95,-73.3333333333333,17.33,7,60
15,Q,EK2349,leucantha,520,-38.3666666666667,-72,19.67,7.33,57
15,Q,FZ100,leucantha,171,-39.9605555555556,-73.3477777777778,27,8.67,
15,Q,FZ116,leucantha,90,-39.9983333333333,-73.0005555555556,20,8,
15,Q,FZ383,leucantha,707,-37.8130555555556,-73.1372222222222,27.67,10.67,80
15,Q,HC988,leucantha,300,-39.5833333333333,-72.25,26.33,11,75
15,Q,HG1490.4,leucantha,150,-39.8805555555556,-73.4333333333333,31,9.33,80
15,Q,R1225,leucantha,200,-37.1166666666667,-73.1391666666667,26.33,9.67,75
15,Q,TKsn,leucantha,150,-39.8791666666667,-73.4333333333333,15.67,5.67,55
15,Q,TP14306,leucantha,180,-42.7061111111111,-73.9166666666667,20.67,7.33,60
15,Q,WL606,leucantha,200,-39.9666666666667,-72.6666666666667,16,5.33,33
16,D,FM9683,callcottiae,40,-33.6347222222222,-78.8319444444444,24.67,11,12
16,D,FZ127A,callcottiae,,-33.6416666666667,-78.8322222222222,26.33,11.33,21
16,D,IS27,callcottiae,400,-33.6427777777778,-78.8427777777778,42.33,21.67,55
16,D,JM17343,callcottiae,800,-33.6583333333333,-78.8527777777778,21.67,9.67,13
16,D,MG82,callcottiae,56,-33.6417777777778,-78.8321944444444,32.67,12.33,25
16,D,OS3918,callcottiae,120,-33.6316666666667,-78.8316666666667,27.33,12.33,16
17,N,CB984,illinita,200,-33.05,-71.5166666666667,45.33,15.33,150
17,N,EK5378,illinita,40,-31.4166666666667,-71.5833333333333,41,14.33,22
17,N,FZ123,illinita,960,-33.7291666666667,-70.4705555555556,47,19.67,
17,N,FZ124,illinita,950,-33.7291666666667,-70.4708333333333,42.33,15.33,
17,N,FZ127,illinita,722,-33.0125,-70.9005555555556,47,16.67,
17,N,FZ353,illinita,1872,-33.3229166666667,-70.3275833333333,40.67,14,
17,N,FZ539,illinita,920,-33.7294166666667,-70.4711666666667,49.67,17,67
17,N,FZ540,illinita,920,-33.7296111111111,-70.4709722222222,42.67,16.67,43
17,N,FZ541,illinita,920,-33.7288888888889,-70.4713888888889,43.33,17.33,62
17,N,LL5949,illinita,1200,-33.7119444444444,-70.32,45,19,34
17,N,MG5665,illinita,1510,-30.1666666666667,-70.65,39,14,60
17,N,OZ6524,illinita,1500,-33.8666666666667,-70.4,37.67,15.33,23
17,N,PB512,illinita,2650,-30.1436111111111,-70.0486111111111,37.67,8.33,50
17,N,EK5390,illinita,180,-33.35,-71.5833333333333,50.67,19.33,36
17,N,EW579,illinita,1500,-35.1966666666667,-70.8030555555556,51,18,77
17,N,GH405B,illinita,1100,-32.8666666666667,-70.4166666666667,47.33,17,68
17,N,GL5551,illinita,900,-33.1833333333333,-70.6,51.33,19.67,40
17,N,MG5655,illinita,120,-30.2166666666667,-71.3333333333333,38.67,12.33,30
17,N,MO1165912,illinita,400,-32.9666666666667,-71.2666666666667,53.67,16.67,32
17,N,PB4,illinita,700,-32.95,-71.0833333333333,42,13,46
17,N,CSs.n.,illinita,780,-34.25,-70.5666666666667,58.67,21.67,50
17,N,EK838,illinita,700,-34.9991666666667,-70.82,50.33,19,55
17,N,GH405A,illinita,1100,-32.8666666666667,-70.4166666666667,50,18,35
17,N,MG25,illinita,668,-35.1052777777778,-71.0311111111111,53.83,16,24
17,N,MG5435,illinita,600,-33.0666666666667,-70.95,40,16.33,35
18,O,AB10830,laevis,2100,-22.4713888888889,-43.0491666666667,41,15,19
18,O,AS75,laevis,2000,-22.3833333333333,-44.7,32.34,12.97,12
18,O,B19021,laevis,2000,-22.4838888888889,-45.0847222222222,54.87,18.17,30
18,O,BLs.n.,laevis,2750,-22.3797222222222,-44.6613888888889,57.43,16.07,18
18,O,EB383,laevis,0,-25.3,-48.8833333333333,41.67,14.1,8
18,O,EF16,laevis,2300,-22.3975,-44.6461111111111,37.67,12.8,12
18,O,EJ75,laevis,2000,-22.3566666666667,-42.5805555555556,35,14,11
18,O,GH35823,laevis,2000,-22.3833333333333,-44.6333333333333,33.67,10.5,20
18,O,GH71660,laevis,1700,-28.1275,-49.5,28.31,9.61,7
18,O,HS763,laevis,2400,-22.3827777777778,-44.6863888888889,32.47,12.33,10
18,O,JC1636,laevis,1740,-25.25,-48.8461111111111,37.17,11.86,8
18,O,JK1720,laevis,2150,-22.4713888888889,-43.0533333333333,38,12.5,16
18,O,JV135,laevis,2263,-22.4711111111111,-43.0552777777778,31.73,13.67,12
18,O,LF83,laevis,1821,-25.2391944444444,-48.8305555555556,36.33,14,
18,O,LF86,laevis,1823,-25.2408333333333,-48.8305,48.33,17.33,10
18,O,LF87,laevis,1823,-25.2408611111111,-48.8305,45.67,15,11
18,O,LS1492,laevis,2150,-22.3916666666667,-44.6152777777778,33.9,11.93,15
18,O,LS1493,laevis,2150,-22.3919444444444,-44.6155555555556,29.4,12.17,22
18,O,PB4540,laevis,2740,-20.4433333333333,-41.8116666666667,25.33,11,10
18,O,PDs.n.,laevis,2750,-22.38,-44.6613888888889,46.5,18.77,19
18,O,PR2962,laevis,1860,-28.1383333333333,-49.5266666666667,29,11.1,8
18,O,PR62989,laevis,2100,-22.4663888888889,-43.0544444444444,35.1,16.13,12
18,O,Ss.n.,laevis,2000,-20.4025,-41.7888888888889,20.27,10.1,10
18,O,WP167,laevis,2205,-22.4841666666667,-45.0813888888889,42,17.67,21
18,O,WP168,laevis,2216,-22.4845833333333,-45.0833611111111,46.67,21,16
18,O,BL734,laevis,0,-23.2333333333333,-44.95,32,12.67,15
18,O,Ns.n.,laevis,0,-22.75,-44.6752777777778,27.67,9.67,12
19,W,BR49625,obtusissima,890,-27.8394444444444,-50.23333333333333,67,22.67,30
19,W,GH15407,obtusissima,1092,-26.4744444444444,-51.93222222222222,69.33,26,35
19,W,GH23099,obtusissima,920,-25.5927777777778,-51.6722222222222,52,19.33,30
19,W,GH30723,obtusissima,1050,-26.5333333333333,-51.97972222222222,57,19,30
19,W,LS8441,obtusissima,800,-26.0833333333333,-49.98333333333333,69,27.67,45
19,W,RK3556,obtusissima,1200,-26.4666666666667,-51.15333333333333,52.67,21.33,27
20,L,AG14872,hispida,1000,-20.5,-43.6666666666667,50.84,21.13,34
20,L,ARI181,hispida,1100,-21.9166666666667,-46.4166666666667,47.37,21.09,18
20,L,C1840,hispida,1000,-21.9166666666667,-46.4166666666667,50.33,20,20
20,L,JB3219,hispida,600,-22.2836111111111,-44.2633333333333,55.79,22.08,20
20,L,JKSP43799,hispida,960,-23.0833333333333,-44.95,40.91,16.16,
20,L,JL3762,hispida,1500,-22.7333333333333,-45.5,48.8,20.57,16
20,L,P454,hispida,1100,-20.3991666666667,-43.4830555555556,48.95,22.23,16
20,L,W582,hispida,1000,-21.9166666666667,-46.4166666666667,35,17,18
21,Z,BR49389,petrophila,890,-29.45,-50.5833333333333,74.16,24.24,6
21,Z,BR50074,petrophila,891,-29.45,-50.5833333333333,55.85,20.95,6
21,Z,EU1886,petrophila,1020,-26.5,-50.5,84.29,27.09,
21,Z,GH61252,petrophila,800,-29.15,-50.1166666666667,91.1,26.88,11
21,Z,LF42,petrophila,1130,-28.0559166666667,-49.36675,86.33,23,5
21,Z,LF43,petrophila,1130,-28.0557777777778,-49.36675,96.67,28.33,
21,Z,LF44,petrophila,1128,-28.0558333333333,-49.3666666666667,98.67,27.67,
21,Z,LF45,petrophila,1131,-28.0559166666667,-49.3666944444444,89.67,29,
23,P,GH72506,ledifolia,1150,-28.0566666666667,-49.5925,27.67,5.6,6
23,P,LF51,ledifolia,1108,-27.8410277777778,-49.6488888888889,31,7.33,6
23,P,LF52,ledifolia,1110,-27.8409722222222,-49.6488888888889,35,6.83,4
23,P,LF53,ledifolia,1109,-27.8410277777778,-49.6489444444444,43,9.33,2
23,P,LF54,ledifolia,1109,-27.8410277777778,-49.6489722222222,37.33,7.67,6
23,P,LF55,ledifolia,1109,-27.8410277777778,-49.6488888888889,35.33,7,
23,P,LF56,ledifolia,1108,-27.8408333333333,-49.6488611111111,39.67,7.67,
23,P,LF59,ledifolia,1109,-27.8410277777778,-49.6489166666667,39.67,9.67,8
23,P,LF60,ledifolia,1109,-27.8408333333333,-49.6488611111111,38.33,8.33,
23,P,RK4485,ledifolia,950,-27.8541666666667,-50.2722222222222,32.33,5,7
24,F,AC20422,cordobensis,2200,-31.5830555555556,-64.8330555555555,30,6.67,12
24,F,AH10542,cordobensis,1650,-31.4336111111111,-64.8372222222222,53.52,10.88,16
24,F,AH23121,cordobensis,1500,-31.5655555555556,-64.7016666666667,41,7.67,8
24,F,AH7240,cordobensis,1300,-31.9727777777778,-64.795,43.67,7.67,9
24,F,AH8793,cordobensis,1800,-31.4638888888889,-64.6833333333333,35.67,6,10
24,F,AH9671,cordobensis,2400,-31.9786111111111,-64.93,43.67,8.33,12
24,F,HGs.n.,cordobensis,1000,-32.75,-66.0666666666667,40.67,8.33,13
24,F,JH3286,cordobensis,1680,-30.85,-64.5,36.33,8.33,11
24,F,JS4070,cordobensis,1300,-31.8333333333333,-64.25,29.67,6.67,7
24,F,TS10534,cordobensis,1000,-31.7166666666667,-65,45.67,7.67,20
24,F,TS21009,cordobensis,1780,-31.2830555555556,-64.7666666666667,47.33,9,22
25,R,AK42001,megapotamica,990,-27.8577777777778,-50.8036111111111,37,9.83,75
25,R,GH15362,megapotamica,800,-25.6080555555556,-50.6913888888889,30,9,27
25,R,GS2702,megapotamica,149,-31.6622222222222,-56.0125,28.67,7.67,70
25,R,HF72,megapotamica,67,-34.3533333333333,-57.6838888888889,32.7,7.8,42
25,R,JI165,megapotamica,60,-29.2666666666667,-57.5666666666667,27.67,8,24
25,R,JW1950,megapotamica,890,-28.0319444444444,-51.1769444444444,29.67,9.67,32
25,R,LF72,megapotamica,780,-26.0999722222222,-49.8250833333333,48,16,
25,R,LS367,megapotamica,731,-29.1205555555556,-51.2441666666667,46.67,10.67,40
25,R,MS6428,megapotamica,350,-30.5419444444444,-53.4763888888889,37.67,7.33,70
25,R,RG5802,megapotamica,100,-33.4327777777778,-55.8997222222222,32.67,9.67,34
25,R,RV3718,megapotamica,70,-28.4447222222222,-56.0191666666667,22.67,9,30
25,R,RW842,megapotamica,900,-28.8994444444444,-50.3830555555556,36.59,7.89,40
25,R,SR3089,megapotamica,170,-27.75,-55.7505555555556,28.67,10,95
25,R,SR3711,megapotamica,85,-29.1161111111111,-57.9202777777778,27.33,9.67,38
25,R,TP5371,megapotamica,70,-29.2833333333333,-57.7330555555556,21.67,7.17,25
25,R,BR49592,megapotamica,900,-27.85,-50.2166666666667,44.67,8.33,85
25,R,IT20026,megapotamica,240,-31.5666666666667,-52.6166666666667,38.33,6.83,70
25,R,PR14398,megapotamica,800,-27.5,-51.4666666666667,39,8.33,78
25,R,AB5112,megapotamica,40,-32.2461111111111,-60.6080555555556,32.54,8.84,50
25,R,AL2215,megapotamica,1000,-27.8505555555556,-50.2172222222222,22,5.5,77
25,R,ARs.n.,megapotamica,900,-21.9333333333333,-46.4166666666667,25,9,55
25,R,BR49366,megapotamica,880,-29.4497222222222,-50.5827777777778,21,7,25
25,R,CK42,megapotamica,800,-26.2138888888889,-51.0977777777778,24,7.33,32
25,R,H1015,megapotamica,50,-32.6827777777778,-58.1333333333333,30.67,11.17,68
25,R,LF75,megapotamica,761,-25.8781944444444,-50.3788611111111,31,10.5,19
25,R,LL3886,megapotamica,900,-25.75,-49.25,30,9.33,35
25,R,LS293,megapotamica,800,-25.4280555555556,-50.5197222222222,21.33,8.67,34
25,R,NT2455,megapotamica,30,-31.5608333333333,-58.175,32,9,47
25,R,TP15595,megapotamica,80,-29.0680555555556,-57.35,24.67,9,58
26,M,AC1193,hypoglauca,2552,-19.5666666666667,-64.3172222222222,27,9.33,10
26,M,CD3771,hypoglauca,2900,-17.5877777777778,-65.2666666666667,18,10.5,9
26,M,DS152,hypoglauca,2750,-17.8405555555556,-64.7394444444444,26.67,14,7
26,M,EF3538,hypoglauca,2900,-17.8030555555556,-64.77,33.33,15.33,20
26,M,FZ10434A,hypoglauca,3398,-21.4669444444444,-64.8880555555556,26.33,9.67,7
26,M,FZ280,hypoglauca,3352,-17.7920833333333,-65.4875,45,17.67,
26,M,FZ281,hypoglauca,3352,-17.7920833333333,-65.4875,48.33,18,
26,M,FZ304,hypoglauca,2843,-17.8285277777778,-64.7185,37.33,16,24
26,M,FZ305,hypoglauca,2846,-17.8304166666667,-64.7186944444445,31,17.33,
26,M,FZ306,hypoglauca,2850,-17.8304166666667,-64.7186944444445,37.33,17.33,
26,M,FZ307,hypoglauca,2928,-17.8368611111111,-64.7267777777778,41.33,22.33,15
26,M,FZ308,hypoglauca,2928,-17.8368611111111,-64.7267777777778,39.33,19.67,
26,M,HF5850,hypoglauca,2800,-23.4513888888889,-65.465,18,7.67,8
26,M,HS3739,hypoglauca,3300,-22.2652777777778,-65.0677777777778,22.67,9.67,9
26,M,JG587,hypoglauca,2710,-20.7546111111111,-64.5442777777778,27.67,11.17,9
26,M,JT229,hypoglauca,2969,-17.8366666666667,-64.7347222222222,39.67,19.33,7
26,M,JW10607,hypoglauca,2300,-18.5855555555556,-64.0394444444444,31.67,11.67,9
26,M,JW8943,hypoglauca,3500,-17.8,-66.4166666666667,21.33,8.67,10
26,M,JW9552,hypoglauca,3300,-21.4661111111111,-64.8852777777778,24.67,11.33,8
26,M,KF2441,hypoglauca,2800,-21.4638888888889,-64.8558333333333,18.33,7.33,9
26,M,MC6241,hypoglauca,2900,-17.6291666666667,-65.7277777777778,22.83,10,11
26,M,MN33903,hypoglauca,2200,-18.5666666666667,-64.05,47.41,18.46,16
26,M,MS5081,hypoglauca,2396,-22.01,-64.5947222222222,20,9,9
26,M,SV9001,hypoglauca,2500,-23.7166666666667,-65.6666666666667,22.33,8.33,10
27,KK,AH22218,tucumanensis,2800,-28.2291666666667,-65.9527777777778,32.33,12,10
27,KK,FB6142,tucumanensis,1600,-21.4,-64.2666666666667,47.33,19,18
27,KK,FV6838,tucumanensis,1250,-27.1330555555556,-65.5,53.67,20.67,25
27,KK,FZ10377C,tucumanensis,1690,-22.3333333333333,-64.7230555555556,48.33,17.33,9
27,KK,GB1080,tucumanensis,1750,-23.6977777777778,-64.9,76,30.67,13
27,KK,JS10129,tucumanensis,1000,-22.2,-64.5333333333333,67.35,19.51,12
27,KK,KK10696,tucumanensis,1400,-27.3977777777778,-65.9441666666667,53.67,21.33,13
27,KK,M 4544,tucumanensis,1200,-26.8147222222222,-65.3786111111111,47,18,15
27,KK,MS5087,tucumanensis,2396,-22.0102777777778,-64.5947222222222,49,17,18
27,KK,PC584,tucumanensis,1850,-28.7397222222222,-66.9822222222222,52,16.33,11
27,KK,PL5936C,tucumanensis,1700,-23.4666666666667,-65,73.67,24.33,12
27,KK,RF1966,tucumanensis,1700,-24.0227777777778,-65.3863888888889,45.67,16.67,13
27,KK,SV10256,tucumanensis,1500,-26.6997222222222,-65.45,52,18.67,13
27,KK,SV1421,tucumanensis,1100,-26.8708333333333,-65.375,39.67,13.33,10
27,KK,SV2114,tucumanensis,800,-26.8705555555556,-65.3630555555555,62.67,24.67,30
27,KK,SV3985,tucumanensis,2000,-27.4166666666667,-66.0833333333333,38.76,15.71,6
27,KK,T4987,tucumanensis,1750,-22.3094444444444,-64.6666666666667,38.67,13.67,14
27,KK,TM3492,tucumanensis,2000,-29.2161111111111,-66.8641666666667,31.67,11,13
28,E,ADs.n.,chlorophylla,1312,-21.9375,-46.3988888888889,41.29,16.42,38
28,E,BR49390,chlorophylla,800,-29.4494444444444,-50.5827777777778,37.29,12.65,28
28,E,FH252,chlorophylla,750,-23.5666666666667,-46.7194444444444,42.08,14.28,50
28,E,FHSP723,chlorophylla,745,-23.5677222222222,-46.7180555555556,54.78,20.25,47
28,E,GH28148,chlorophylla,1000,-26.4666666666667,-51.8166666666667,49.86,19.14,50
28,E,GH8365,chlorophylla,880,-24.1133333333333,-49.8391666666667,53.13,17.84,57
28,E,IC1758,chlorophylla,900,-23.6986111111111,-47.3025,46.27,17,28
28,E,JD669,chlorophylla,70,-31.6483333333333,-52.4205555555556,56.71,23.37,44
28,E,LR1531,chlorophylla,700,-23.5572222222222,-46.5755555555556,47.33,18.33,60
28,E,OH142,chlorophylla,796,-23.3505555555556,-47.7388888888889,46.27,15.34,27
28,E,OH818,chlorophylla,764,-23.2475,-46.7863888888889,48,16.25,28
28,E,TP12603,chlorophylla,25,-31.3666666666667,-51.9666666666667,52.33,19.33,60
28,E,W580,chlorophylla,0,-21.5,-44.5,43.37,19.1,30
29,C,AB11510,bifida,1900,-22.45,-43.0544444444444,57.67,23.33,45
29,C,AG6890,bifida,1200,-22.2583333333333,-42.5486111111111,76,20.5,125
29,C,AK22941,bifida,100,-31.5,-52.3833333333333,53,20,130
29,C,AK23025,bifida,800,-28.675,-50.9727777777778,50.67,15.5,55
29,C,AK35523,bifida,940,-25.33,-49.0602777777778,42,13.67,75
29,C,AVEsc2,bifida,980,-25.45,-49.0197222222222,54.67,15.33,30
29,C,BR3907,bifida,170,-30.8830555555556,-55.5166666666667,79,16,100
29,C,CC507,bifida,1700,-22.4516666666667,-43.0011111111111,66.33,18.5,25
29,C,CO6589,bifida,250,-31.55,-56.1,47.33,15.67,100
29,C,EP7047,bifida,2300,-22.3836111111111,-44.6508333333333,59.33,18.67,100
29,C,EP8355,bifida,850,-26.1727777777778,-49.85,48.33,15,80
29,C,FM2376,bifida,250,-26.1666666666667,-55.3333333333333,55,17.33,50
29,C,GH18306,bifida,780,-25.2669444444444,-51.1,47.67,14.67,72
29,C,GH18331,bifida,1150,-25.2927777777778,-51.35,49,16,130
29,C,GH18425,bifida,916,-25.3052777777778,-49.0461111111111,50.67,18,90
29,C,GH26215,bifida,884,-25.5333333333333,-49.3833333333333,48.74,14.55,110
29,C,GH31430,bifida,1900,-20.4480555555556,-41.7738888888889,63.33,17.67,80
29,C,HL550,bifida,2000,-22.3833333333333,-44.6,61.33,20,40
29,C,JB5177,bifida,80,-29.5666666666667,-51.3625,68,20,100
29,C,JK1721,bifida,2150,-22.4713888888889,-43.0533333333333,59.33,19,80
29,C,JM14715,bifida,205,-26.5319444444444,-54.7255555555556,54.67,17.67,80
29,C,LS10571,bifida,1000,-26.2,-49.2333333333333,53,17.67,130
29,C,LS11641,bifida,1000,-26.4,-53.1333333333333,55,19,80
29,C,MR221,bifida,1700,-22.7,-45.5833333333333,50.33,16.67,70
29,C,PJ34248,bifida,220,-27.4830555555556,-55.4830555555556,62,16.5,120
29,C,PR11764,bifida,800,-26.8211111111111,-51.0038888888889,44,14,75
29,C,PR12237,bifida,900,-27.3,-50.55,53.33,16,150
29,C,PR6686,bifida,1099,-28.0272222222222,-49.6122222222222,41.67,13.33,50
29,C,RB93,bifida,1800,-22.7166666666667,-45.45,56.67,19,90
29,C,RD10799,bifida,70,-34.05,-54.6,58.33,17,65
29,C,RD1744,bifida,250,-26.1666666666667,-55.8333333333333,67,15.67,80
29,C,RW423,bifida,830,-29.4452777777778,-50.6261111111111,50,17,55
29,C,RW5162,bifida,700,-29.2227777777778,-51.365,53.67,19.5,60
29,C,RW5166,bifida,780,-29.1666666666667,-51.0833333333333,56,17.33,65
29,C,WP163,bifida,1556,-22.6088888888889,-45.5591666666667,62.33,20,75
29,C,WP169,bifida,2194,-22.4848333333333,-45.0820555555556,56.33,20,130
30,H,AK42087,farinacea,1100,-28.0586111111111,-50.0744444444444,50.33,16.67,22
30,H,MK902,farinacea,890,-25.5838888888889,-49.2452777777778,35.4,11.17,16
30,H,SX262,farinacea,1650,-22.7141666666667,-45.5686111111111,35,10,10
30,H,WP159,farinacea,1810,-22.7708611111111,-45.5310277777778,52.67,17,14
30,H,BR49669,farinacea,1000,-27.85,-50.2166666666667,47.5,15,16
30,H,GH10795,farinacea,850,-25.5363888888889,-49.8947222222222,50.33,13.9,12
30,H,GH18440,farinacea,830,-25.9966666666667,-49.6508333333333,46.17,12.83,6
30,H,JS38,farinacea,812,-25.3916666666667,-49.9813888888889,50.5,13.67,10
30,H,LF10,farinacea,927,-25.5126666666667,-49.054,45.33,13.67,10
30,H,LS9075,farinacea,1250,-26.6572222222222,-50.9611111111111,49,16.67,14
30,H,VN108,farinacea,1050,-25.0341666666667,-49.0333333333333,46.67,14.17,13
30,H,GH11940,farinacea,860,-24.3166666666667,-49.6666666666667,49.33,13.33,14
30,H,GH17979,farinacea,1030,-25.1333333333333,-49.9666666666667,62.33,16.33,21
30,H,GH18054,farinacea,950,-25.0744444444444,-49.3991666666667,61.33,17,18
30,H,GH25426,farinacea,1060,-24.4097222222222,-49.8588888888889,51.67,14.67,10
30,H,NS5746,farinacea,1650,-22.7388888888889,-45.5933333333333,42.83,12.33,10
30,H,PD15954,farinacea,850,-24.25,-49.7,41.19,15.54,21
30,H,WP152,farinacea,1796,-22.7613611111111,-45.5491666666667,57,18.33,
31,AA,AS10370,piurensis,3300,-7.35527777777778,-78.9008333333333,25,11.12,55
31,AA,AS3821,piurensis,3230,-7.36583333333333,-79.0102777777778,35.67,10,50
31,AA,FZ208,piurensis,2818,-6.78497222222222,-77.9368055555556,37.33,10,35
31,AA,FZ209,piurensis,2818,-6.78497222222222,-77.9368055555556,42,10.33,20
31,AA,FZ210,piurensis,2818,-6.78497222222222,-77.9368055555556,42.67,12,28
31,AA,FZ211,piurensis,2818,-6.78497222222222,-77.9368055555556,44.67,12.67,69
31,AA,FZ236,piurensis,2709,-7.32813888888889,-78.81075,40.67,13.67,75
31,AA,FZ237,piurensis,2709,-7.32813888888889,-78.81075,41.33,12.67,70
31,AA,FZ238,piurensis,2709,-7.32813888888889,-78.81075,33.33,11.67,
31,AA,FZ239,piurensis,2709,-7.32813888888889,-78.81075,34.33,11.83,20
31,AA,FZ240,piurensis,2709,-7.32813888888889,-78.81075,37,11.17,22
31,AA,SL123,piurensis,2500,-7.99805555555556,-78.6466666666667,24,9.67,50
32,J,AB9445,gayana,730,-38.4313888888889,-71.8091666666667,14,4.33,
32,J,APs.n.,gayana,100,-38.9833333333333,-72.5666666666667,14,5.5,100
32,J,CSs.n.,gayana,270,-38.7188888888889,-72.585,19.4,7.07,28
32,J,HEs.n.,gayana,170,-39.2,-73.1,17,5.33,35
32,J,PB904,gayana,800,-38.4666666666667,-71.7166666666667,13.33,4.5,55
32,J,S10863,gayana,350,-38.4333333333333,-72.2166666666667,19,7,40
32,J,SE293,gayana,300,-38.7166666666667,-72.5833333333333,21.67,5.33,30
33,G,EK17990,discolor,2500,7.32861111111111,-72.9111111111111,48.67,17.67,120
33,G,EK18727,discolor,3300,7.36972222222222,-72.9091666666667,76.67,22.67,95
33,G,FZ83,discolor,2776,4.95555555555556,-74.1638888888889,54.07,23,85
33,G,FZ84,discolor,2776,4.98472222222222,-74.1469444444445,54.03,18.03,150
33,G,JC13460,discolor,2880,7.23277777777778,-72.45,61.67,23.33,65
34,DD,AG23305,resinosa,3220,-14.4741666666667,-73.2397222222222,33,7,30
34,DD,CD5089,resinosa,2890,-17.6833333333333,-65.1,31.33,8.5,50
34,DD,CO527,resinosa,3200,-11.7244444444444,-75.1069444444444,40.33,9.33,120
34,DD,CP1050,resinosa,2600,-2.86138888888889,-78.9355555555556,40.67,8.33,80
34,DD,DS10236,resinosa,3450,-9.63333333333333,-77.2,37.5,8.8,40
34,DD,DS10599,resinosa,3600,-9.01666666666667,-77.05,22.67,7,36
34,DD,DS10955,resinosa,2879,-9.45,-77.85,33.33,12,51
34,DD,DS3356,resinosa,3400,-8.33333333333333,-78.0833333333333,33.67,8.33,68
34,DD,EB572,resinosa,2800,-21.4827777777778,-65.0327777777778,23.33,7.67,45
34,DD,EBB6926,resinosa,3300,-13.3833333333333,-73.8833333333333,39,8,120
34,DD,FP14405,resinosa,3200,-11.4336111111111,-76.6080555555556,38.33,12.67,35
34,DD,FW5273,resinosa,2200,-9.80527777777778,-75.8763888888889,42,13,62
34,DD,FZ162,resinosa,3629,-13.5038333333333,-71.9805,52.67,11,55
34,DD,FZ163,resinosa,3265,-13.5039583333333,-71.9806666666667,35.67,9.5,50
34,DD,FZ164,resinosa,3776,-13.4875277777778,-71.9905,44.33,9.33,50
34,DD,FZ165,resinosa,3698,-13.5013055555556,-71.9833333333333,44.67,9,70
34,DD,FZ166,resinosa,3350,-13.5459722222222,-71.943,41,8.67,
34,DD,FZ167,resinosa,3317,-13.5426944444444,-71.9414722222222,41.33,9,70
34,DD,FZ173,resinosa,3553,-14.0821388888889,-71.3688888888889,41,7.67,
34,DD,FZ174,resinosa,3553,-14.0821388888889,-71.3688888888889,41,7.67,60
34,DD,FZ175,resinosa,3553,-14.0821388888889,-71.3688888888889,38,6.67,
34,DD,FZ180,resinosa,3694,-13.1601388888889,-72.28025,45.33,10.33,130
34,DD,FZ182,resinosa,3566,-13.1772222222222,-72.2898888888889,31,10.67,65
34,DD,FZ183,resinosa,3566,-13.1772222222222,-72.2898888888889,31.67,10,36
34,DD,FZ185,resinosa,3212,-13.1985,-72.2964444444444,35.37,9.67,110
34,DD,FZ191,resinosa,2942,-13.2973333333333,-71.5969444444444,42.33,9.67,47
34,DD,FZ205,resinosa,3383,-13.2131111111111,-71.6327222222222,43,9.67,115
34,DD,FZ277,resinosa,3352,-17.7920833333333,-65.4875833333333,27.17,8.17,
34,DD,FZ278,resinosa,3352,-17.7920833333333,-65.4875833333333,26,7.17,
34,DD,FZ279,resinosa,3352,-17.7920833333333,-65.4875833333333,24,6.67,
34,DD,FZ282,resinosa,3150,-17.8133333333333,-65.4730555555556,31.67,6.5,43
34,DD,FZ287,resinosa,2800,-17.8402777777778,-65.45,33,7.33,10
34,DD,FZ303,resinosa,2598,-17.8458333333333,-64.6266666666667,28.33,8.67,20
34,DD,FZ309,resinosa,3030,-17.8208055555556,-64.7679722222222,30,8.83,
34,DD,FZ310,resinosa,3045,-17.8277777777778,-64.7836111111111,35.33,9.33,35
34,DD,FZ315,resinosa,3024,-17.7519722222222,-65.0242222222222,25.33,8,
34,DD,HS10647,resinosa,3000,-13.6,-72.85,36.67,8,120
34,DD,JS15148,resinosa,3500,-16.5666666666667,-67.75,32.67,8.33,27
34,DD,JS15923,resinosa,3200,-17.6666666666667,-65.15,23,7,27
34,DD,JW7805,resinosa,2900,-19.1461111111111,-65.3269444444444,26.67,6.67,47
34,DD,MC4122,resinosa,3200,-18.9827777777778,-65.3666666666667,26.67,5.67,24
34,DD,ML35050,resinosa,3000,-16.9166666666667,-67.1666666666667,32,9,28
34,DD,ML37126,resinosa,3350,-16.9666666666667,-67.2166666666667,37,9.3,55
34,DD,MM2032,resinosa,2250,-17.95,-65.3166666666667,25.67,7.33,27
34,DD,NA763,resinosa,2860,-17.5761111111111,-66.2719444444444,24.33,7.67,57
34,DD,NR751,resinosa,3020,-17.3108333333333,-66.2986111111111,20.67,6.17,27
35,EE,AJ2794,reticulata,2400,-17.8560555555556,-64.3586666666667,62,22.33,40
35,EE,AJ3357,reticulata,2400,-17.8119444444444,-64.6272222222222,61.33,15,55
35,EE,AL360,reticulata,1540,-19.8144444444444,-63.7194444444444,75.67,26.67,100
35,EE,FZ293,reticulata,1707,-18.1749166666667,-63.8361666666667,70.67,24.33,
35,EE,FZ294,reticulata,1701,-18.1761944444444,-63.8352777777778,80,23.67,
35,EE,FZ295,reticulata,1885,-18.1757777777778,-63.8202222222222,76,24.33,
35,EE,FZ296,reticulata,1868,-18.1764166666667,-63.8225277777778,73.67,27.33,
35,EE,FZ297,reticulata,1701,-18.17875,-63.8305277777778,76,26.33,
35,EE,FZ298,reticulata,1941,-18.1784166666667,-63.8223055555556,70,23.67,
35,EE,FZ299,reticulata,1858,-18.1807777777778,-63.8424444444444,62,20.33,25
35,EE,FZ300,reticulata,1860,-18.1808333333333,-63.8424444444444,68.33,21,
35,EE,FZ301,reticulata,1862,-18.1806944444444,-63.8425,78.33,24,
35,EE,FZ302,reticulata,1877,-18.1808333333333,-63.8424444444444,65,22,
35,EE,GH2022,reticulata,1300,-18.1883333333333,-63.7333333333333,75.67,25.33,60
35,EE,IV1724,reticulata,2050,-18.5166666666667,-64.0966666666667,71,21.67,50
35,EE,IV745,reticulata,1450,-18.1166666666667,-63.6166666666667,58.33,26.33,40
35,EE,JS8203,reticulata,1500,-18.1669444444444,-63.6613888888889,59.53,19.06,35
35,EE,MS4032,reticulata,1300,-17.1166666666667,-63.6166666666667,55.67,27,50
35,EE,MS4946,reticulata,1880,-18.0833333333333,-63.9166666666667,68.67,28.33,80
35,EE,RB19296,reticulata,2100,-18.75,-63.8333333333333,61.33,22,80
35,EE,SB9811,reticulata,1600,-19.8113888888889,-63.7197222222222,74,28,55
36,II,FV7657,schreiteri,1750,-24.875,-65.6958333333333,45,9.67,40
36,II,FZ283,schreiteri,2876,-17.8381388888889,-65.4490277777778,60.33,13.67,54
36,II,FZ284,schreiteri,2876,-17.8383333333333,-65.4490277777778,62.67,12.67,50
36,II,FZ285,schreiteri,2876,-17.8381388888889,-65.4491666666667,69,12.5,55
36,II,FZ286,schreiteri,2757,-17.8402777777778,-65.45,63.33,13.33,55
36,II,FZ288,schreiteri,2756,-17.8431666666667,-65.4608611111111,74,12.33,55
36,II,FZ292,schreiteri,2724,-17.8477777777778,-65.4536111111111,52.67,10.67,45
36,II,FZ312,schreiteri,2814,-17.7383888888889,-64.9574444444444,59.67,9.67,43
36,II,FZ313,schreiteri,2885,-17.7386111111111,-64.9575,55.67,11.33,55
36,II,FZ314,schreiteri,2954,-17.7431944444444,-64.9734166666667,54.33,10.33,37
36,II,JS10947,schreiteri,1850,-21.4166666666667,-64.2833333333333,49.67,9.33,25
36,II,JS8624,schreiteri,2800,-17.7263888888889,-65.1569444444444,66.5,10.25,36
36,II,LN3807,schreiteri,1700,-24.7127777777778,-65.5,52.33,14.67,20
36,II,MC5281,schreiteri,2700,-19.05,-65.2,57.33,9.33,60
36,II,NL58,schreiteri,1600,-17.8577777777778,-64.6269444444444,48.67,11.67,30
36,II,SB9352,schreiteri,2400,-19.35,-64.25,47,9.17,30
36,II,WB6793,schreiteri,2800,-17.3333333333333,-66.1333333333333,57.67,8.33,34
36,II,WR1529,schreiteri,2800,-13.5166666666667,-72.5666666666667,42.33,11.17,42
37,X,AC13359,paniculata,2250,7.53333333333333,-72.45,74.33,25.33,170
37,X,AG48084,paniculata,2250,3.53333333333333,-76.6,64.33,27.17,70
37,X,AN394,paniculata,2700,4.89805555555555,-74.1219444444444,40.67,16.33,180
37,X,AS14179,paniculata,2200,-7.06666666666667,-77.9166666666667,66,17,55
37,X,BH18666,paniculata,2000,9.48333333333333,-83.6833333333333,68,22.67,80
37,X,BH6180,paniculata,1200,8.63305555555556,-82.125,52,20,80
37,X,CD9839,paniculata,2200,-6.51666666666667,-79.15,51,20,55
37,X,CR1019,paniculata,2000,3.51666666666667,-76.15,85,23.33,210
37,X,DB56,paniculata,,10.35,-67.0416666666667,83.67,24.33,190
37,X,DN14917,paniculata,1900,-3.96666666666667,-79.0666666666667,69.33,22.33,90
37,X,DN15369,paniculata,2570,-4.48444444444444,-79.1330555555555,77.67,27,
37,X,FZ200,paniculata,3492,-13.3539166666667,-71.6151944444444,77.33,24.67,150
37,X,FZ202,paniculata,3186,-13.1817222222222,-71.5976666666667,84.33,28.33,200
37,X,FZ203,paniculata,3186,-13.1817222222222,-71.5976666666667,78,25,470
37,X,FZ204,paniculata,3186,-13.1817222222222,-71.5976666666667,77.33,24,100
37,X,FZ245,paniculata,2045,-5.36816666666667,-79.5756111111111,56.67,19,70
37,X,FZ246,paniculata,2045,-5.36816666666667,-79.5758333333333,60.67,21.67,70
37,X,FZ247,paniculata,2068,-5.37019444444444,-79.5759166666667,48.33,19.67,78
37,X,FZ248,paniculata,2068,-5.37019444444444,-79.5761111111111,50,20,100
37,X,FZ254,paniculata,2485,-5.37611111111111,-79.5682777777778,59.33,23,150
37,X,FZ266,paniculata,3020,-16.3,-67.8,90.67,31,
37,X,FZ267,paniculata,2984,-16.3083333333333,-67.8136666666667,73.67,25.33,95
37,X,FZ268,paniculata,2970,-16.3088888888889,-67.8136111111111,102.67,31.33,
37,X,FZ269,paniculata,2950,-16.3150833333333,-67.8122222222222,77.67,22.67,70
37,X,FZ270,paniculata,2790,-16.2861111111111,-67.8066944444444,77.67,26,200
37,X,FZ271,paniculata,2432,-16.2755555555556,-67.7918055555556,79.33,27,160
37,X,FZ272,paniculata,2432,-16.2763888888889,-67.7922222222222,70.67,21.33,85
37,X,GC1765,paniculata,2150,-12.8666666666667,-72.5333333333333,83.33,23,155
37,X,GD19829,paniculata,2300,10.1,-64.1,73,22.67,110
37,X,Hv_8023,paniculata,1750,9.66666666666667,-70.4166666666667,84.33,24.33,80
37,X,HV4434,paniculata,1860,0.816666666666667,-78.1333333333333,90.67,26.33,70
37,X,Hv8197,paniculata,2250,8.25,-71.55,64.33,18.67,120
37,X,IS4929,paniculata,2150,-6.56666666666667,-78.8,69.67,20.67,100
37,X,JP2912,paniculata,2002,-5.0925,-78.8394444444444,112,22.33,250
37,X,JS10701,paniculata,3000,-16.3,-67.8166666666667,90,29.2,150
37,X,JS127754,paniculata,2100,10.45,-67.35,85.67,27,210
37,X,JS18731,paniculata,2200,-16.1166666666667,-68.0666666666667,79.67,26,65
37,X,JT2968,paniculata,2300,11.1136111111111,-74.0341666666667,49,17.5,78
37,X,JW11465,paniculata,2200,-17.7927777777778,-64.7155555555556,99,37,115
37,X,KV5689,paniculata,2831,-12.4666666666667,-72,77.67,23.33,250
37,X,KY4092,paniculata,2300,-7,-77,87.67,25,170
37,X,LH18441,paniculata,1800,-0.366666666666667,-78.8,66.67,25.33,130
37,X,LU4163,paniculata,2400,5.83333333333333,-75.5333333333333,74,21.33,200
37,X,MC1182,paniculata,2100,9.41666666666667,-70.3333333333333,57.33,18.33,110
37,X,MD2620,paniculata,1950,-9.55,-75.9833333333333,91.33,23,800
37,X,MW2000/891,paniculata,2200,-6.21027777777778,-77.7158333333333,90.33,25,190
37,X,PA6612,paniculata,2600,-17.2166666666667,-65.8,92.33,22.67,175
37,X,RK541,paniculata,1650,8.865,-70.6944444444444,73.33,22,108
37,X,RR3379,paniculata,2300,-10.6236111111111,-75.2952777777778,77,25.67,95
37,X,RV25391,paniculata,1500,-6.37722222222222,-77.5077777777778,111,28.83,255
37,X,TC21834,paniculata,2000,10.5333333333333,-66.8794444444444,75.33,26.67,140
37,X,GL2651,paniculata,2950,-3.46611111111111,-79.6041666666667,64,22,40
37,X,JH1146,paniculata,2600,-4.34583333333333,-79.1558333333333,69,24,260
37,X,JW594,paniculata,2200,-6.21666666666667,-77.8166666666667,56.33,21,150
37,X,PH6683,paniculata,2800,-4.64666666666667,-79.7277777777778,64.33,20.67,130
37,X,PJ169,paniculata,2700,-4.05666666666667,-79.8947222222222,54,20,100
37,X,BR7415,paniculata,2470,10.2166666666667,-73,77.67,23,100
37,X,EK17141,paniculata,2500,7.36944444444444,-72.9094444444444,73.33,25.67,90
37,X,EK20578,paniculata,2800,7.38361111111111,-72.5630555555556,82,28.5,200
37,X,EP5779,paniculata,1800,2.1875,-76.7022222222222,90,25,210
37,X,HG12283,paniculata,2500,4.87916666666667,-75.1327777777778,86.67,23.33,90
37,X,HS1748,paniculata,2000,11.1,-74.0333333333333,79.33,27.83,85
37,X,JC28192,paniculata,2300,9.31666666666667,-70.3333333333333,74,26.67,145
37,X,RS7875,paniculata,2500,1.1125,-77.4,96.67,32.67,
37,X,SY359,paniculata,2500,2.34194444444444,-76.4925,92.67,27,210
37,X,VZ2355,paniculata,2100,-0.216666666666667,-78.8,82.67,22,120
38,K,AS8172,herrerae,1800,-5.24444444444444,-79.4516666666667,152,40,125
38,K,FZ186,herrerae,2768,-13.4677777777778,-72.4951944444445,174.33,35.33,130
38,K,FZ187,herrerae,2794,-13.4663055555556,-72.4968611111111,154.67,35.33,
38,K,FZ188,herrerae,2805,-13.46625,-72.4968055555556,154.33,34.67,
38,K,FZ189,herrerae,2810,-13.4658333333333,-72.4967777777778,159,33,
38,K,FZ190,herrerae,2820,-13.4661666666667,-72.4969444444445,149.33,31.33,115
38,K,MW5820,herrerae,2885,-12.3152777777778,-74.8161111111111,103.67,24.33,165
38,K,WG5539,herrerae,3450,-13.6,-72.9,169.67,46,250
39,Y,AG75032,pendula,2300,-4.58333333333333,-79.6666666666667,180,33,180
39,Y,AN414,pendula,2400,5.83333333333333,-72.9666666666667,186.67,40.67,197
39,Y,CD9872,pendula,2000,-5.66666666666667,-79.3166666666667,138.5,41,185
39,Y,DS10848,pendula,1900,-9.53333333333333,-77.85,176.33,44.67,185
39,Y,FZ206,pendula,3100,-6.87213888888889,-78.1116388888889,209.33,39.67,220
39,Y,FZ207,pendula,3019,-6.86011111111111,-78.1151388888889,214.33,29.67,190
39,Y,FZ227,pendula,2306,-6.82344444444444,-77.9503333333333,164.33,33.33,
39,Y,FZ228,pendula,2540,-7.26661111111111,-78.5120555555556,125.5,37.5,180
39,Y,FZ229,pendula,2540,-7.26661111111111,-78.5120555555556,153.33,38,200
39,Y,FZ230,pendula,2540,-7.26661111111111,-78.5120555555556,116.67,35,150
39,Y,FZ231,pendula,2540,-7.26661111111111,-78.5120555555556,170.67,42,250
39,Y,FZ232,pendula,2540,-7.26661111111111,-78.5120555555556,143.67,37.33,180
39,Y,FZ233,pendula,2223,-7.28655555555556,-78.5124444444444,154,41.67,280
39,Y,FZ234,pendula,2007,-7.32094444444444,-78.8005555555555,146.67,36.67,210
39,Y,FZ235,pendula,2007,-7.32094444444444,-78.8005555555555,131,31.33,220
39,Y,FZ244,pendula,2118,-7.07211111111111,-79.0483055555556,184,42.33,200
39,Y,FZ90,pendula,2660,4.59166666666667,-74,217.67,55.67,
39,Y,IH6604,pendula,2420,-13.0666666666667,-72.3666666666667,146.67,22.33,120
39,Y,JA1012,pendula,2150,-5.87722222222222,-77.9430555555556,215,48.73,170
39,Y,JC9871,pendula,2100,6.75111111111111,-72.7033333333333,190,46,90
39,Y,JS104901,pendula,1700,9.82305555555556,-70.0666666666667,212.67,26.67,100
39,Y,LA4940,pendula,1300,9.91666666666667,-69.3833333333333,195.67,33.33,150
39,Y,MW7204,pendula,1350,-12.8666666666667,-76.0583333333333,159,30.5,160
39,Y,RL13025,pendula,1500,9.23333333333333,-70.25,194.67,34,85
39,Y,JH714,pendula,2000,6.33722222222222,-72.6838888888889,208.33,46,138
39,Y,WC4029,pendula,2500,-2.37777777777778,-78.9472222222222,187.67,50,130
39,Y,AH21395,pendula,2000,-3.99916666666667,-79.3041666666667,162,39,150
39,Y,FW34334,pendula,2200,-9.77583333333333,-76.0833333333333,198.67,34.67,210
39,Y,JB2640,pendula,3000,-2.46027777777778,-79.0047222222222,215,51,130
39,Y,JL5220,pendula,1650,9.31416666666667,-70.1808333333333,165,28,80
40,,DVS2321,harrisii,1580,-19.8272222222222,-63.725,17.33,3.17,3
40,,DVS2322,harrisii,1350,-19.65,-64.0333333333333,19.67,3.7,
40,,IV3673,harrisii,2200,-18.4833333333333,-63.9833333333333,14.5,1.6,1
40,,JW13266,harrisii,1500,-19.8558333333333,-63.8358333333333,15.2,2.43,2
40,,JW16822,harrisii,1400,-21.4244444444444,-63.9130555555556,14.66,3.37,1
40,,JW27640,harrisii,1580,-19.8275,-63.7252777777778,19.5,2.5,2